{
    "name": "root",
    "metadata": {
        "timer_format_version": "0.1.0",
        "start_time_seconds": "1726946672",
        "python_version": "3.8.0 (default, Nov  6 2019, 16:00:02) [MSC v.1916 64 bit (AMD64)]",
        "command_line_arguments": "C:\\Users\\agraw\\anaconda3\\envs\\mlagents3\\Scripts\\mlagents-learn trainer_settings.yaml --run-id=carPark --quality-level=0 --resume",
        "mlagents_version": "0.29.0",
        "mlagents_envs_version": "0.29.0",
        "communication_protocol_version": "1.5.0",
        "pytorch_version": "1.10.0+cpu",
        "numpy_version": "1.21.2",
        "end_time_seconds": "1726953385"
    },
    "total": 6712.916224400001,
    "count": 1,
    "self": 0.02096330000040325,
    "children": {
        "run_training.setup": {
            "total": 0.1810678000000001,
            "count": 1,
            "self": 0.1810678000000001
        },
        "TrainerController.start_learning": {
            "total": 6712.7141933,
            "count": 1,
            "self": 3.6122311000226546,
            "children": {
                "TrainerController._reset_env": {
                    "total": 14.854824899999999,
                    "count": 1,
                    "self": 11.7850185,
                    "children": {
                        "demo_to_buffer": {
                            "total": 3.069806399999999,
                            "count": 2,
                            "self": 0.00023250000000096804,
                            "children": {
                                "load_demonstration": {
                                    "total": 0.07026739999999876,
                                    "count": 2,
                                    "self": 0.06723110000000077,
                                    "children": {
                                        "read_file": {
                                            "total": 0.0030362999999979934,
                                            "count": 2,
                                            "self": 0.0030362999999979934
                                        }
                                    }
                                },
                                "make_demo_buffer": {
                                    "total": 2.9993064999999994,
                                    "count": 2,
                                    "self": 0.507203799999969,
                                    "children": {
                                        "steps_from_proto": {
                                            "total": 2.4921027000000304,
                                            "count": 32620,
                                            "self": 1.273472400000438,
                                            "children": {
                                                "_process_rank_one_or_two_observation": {
                                                    "total": 1.2186302999995924,
                                                    "count": 130480,
                                                    "self": 1.2186302999995924
                                                }
                                            }
                                        }
                                    }
                                }
                            }
                        }
                    }
                },
                "TrainerController.advance": {
                    "total": 6694.055450699978,
                    "count": 109684,
                    "self": 1.871266199913407,
                    "children": {
                        "env_step": {
                            "total": 6692.1841845000645,
                            "count": 109684,
                            "self": 5637.289904900023,
                            "children": {
                                "SubprocessEnvManager._take_step": {
                                    "total": 1053.1601892000397,
                                    "count": 109684,
                                    "self": 11.954185100059249,
                                    "children": {
                                        "TorchPolicy.evaluate": {
                                            "total": 1041.2060040999804,
                                            "count": 109684,
                                            "self": 110.95546209992358,
                                            "children": {
                                                "TorchPolicy.sample_actions": {
                                                    "total": 930.2505420000568,
                                                    "count": 109684,
                                                    "self": 930.2505420000568
                                                }
                                            }
                                        }
                                    }
                                },
                                "workers": {
                                    "total": 1.7340904000010546,
                                    "count": 109683,
                                    "self": 0.0,
                                    "children": {
                                        "worker_root": {
                                            "total": 6633.997711400043,
                                            "count": 109683,
                                            "is_parallel": true,
                                            "self": 4814.362832700083,
                                            "children": {
                                                "steps_from_proto": {
                                                    "total": 0.0025634999999990526,
                                                    "count": 1,
                                                    "is_parallel": true,
                                                    "self": 0.00026130000000001985,
                                                    "children": {
                                                        "_process_rank_one_or_two_observation": {
                                                            "total": 0.002302199999999033,
                                                            "count": 4,
                                                            "is_parallel": true,
                                                            "self": 0.002302199999999033
                                                        }
                                                    }
                                                },
                                                "UnityEnvironment.step": {
                                                    "total": 1819.63231519996,
                                                    "count": 109683,
                                                    "is_parallel": true,
                                                    "self": 47.736317900019685,
                                                    "children": {
                                                        "UnityEnvironment._generate_step_input": {
                                                            "total": 82.41775599990048,
                                                            "count": 109683,
                                                            "is_parallel": true,
                                                            "self": 82.41775599990048
                                                        },
                                                        "communicator.exchange": {
                                                            "total": 1586.7170297000432,
                                                            "count": 109683,
                                                            "is_parallel": true,