{
    "name": "root",
    "metadata": {
        "timer_format_version": "0.1.0",
        "start_time_seconds": "1726944762",
        "python_version": "3.8.0 (default, Nov  6 2019, 16:00:02) [MSC v.1916 64 bit (AMD64)]",
        "command_line_arguments": "C:\\Users\\agraw\\anaconda3\\envs\\mlagents3\\Scripts\\mlagents-learn trainer_settings.yaml --run-id=autodrive --quality-level=0 --resume",
        "mlagents_version": "0.29.0",
        "mlagents_envs_version": "0.29.0",
        "communication_protocol_version": "1.5.0",
        "pytorch_version": "2.4.1",
        "numpy_version": "1.21.2",
        "end_time_seconds": "1726944777"
    },
    "total": 15.178523199999997,
    "count": 1,
    "self": 0.01884669999999744,
    "children": {
        "run_training.setup": {
            "total": 0.31255330000000026,
            "count": 1,
            "self": 0.31255330000000026
        },
        "TrainerController.start_learning": {
            "total": 14.8471232,
            "count": 1,
            "self": 0.00024140000000194561,
            "children": {
                "TrainerController._reset_env": {
                    "total": 14.673372699999998,
                    "count": 1,
                    "self": 11.810719199999998,
                    "children": {
                        "demo_to_buffer": {
                            "total": 2.8626535000000004,
                            "count": 2,
                            "self": 0.0004447999999968033,
                            "children": {
                                "load_demonstration": {
                                    "total": 0.06203480000000283,
                                    "count": 2,
                                    "self": 0.05933670000000468,
                                    "children": {
                                        "read_file": {
                                            "total": 0.002698099999998149,
                                            "count": 2,
                                            "self": 0.002698099999998149
                                        }
                                    }
                                },
                                "make_demo_buffer": {
                                    "total": 2.8001739000000008,
                                    "count": 2,
                                    "self": 0.47749350000043655,
                                    "children": {
                                        "steps_from_proto": {
                                            "total": 2.322680399999564,
                                            "count": 32620,
                                            "self": 1.199242299999094,
                                            "children": {
                                                "_process_rank_one_or_two_observation": {
                                                    "total": 1.1234381000004703,
                                                    "count": 130480,
                                                    "self": 1.1234381000004703
                                                }
                                            }
                                        }
                                    }
                                }
                            }
                        }
                    }
                },
                "TrainerController.advance": {
                    "total": 0.0076947999999994465,
                    "count": 1,
                    "self": 7.200000002427487e-06,
                    "children": {
                        "env_step": {
                            "total": 0.007687599999997019,
                            "count": 1,
                            "self": 0.0006448999999975058,
                            "children": {
                                "SubprocessEnvManager._take_step": {
                                    "total": 0.007042699999999513,
                                    "count": 1,
                                    "self": 8.460000000098944e-05,
                                    "children": {
                                        "TorchPolicy.evaluate": {
                                            "total": 0.006958099999998524,
                                            "count": 1,
                                            "self": 0.006958099999998524
                                        }
                                    }
                                }
                            }
                        }
                    }
                },
                "TrainerController._save_models": {
                    "total": 0.16581430000000097,
                    "count": 1,
                    "self": 0.017844900000000052,
                    "children": {
                        "RLTrainer._checkpoint": {
                            "total": 0.14796940000000092,
                            "count": 1,
                            "self": 0.14796940000000092
                        }
                    }
                }
            }
        }
    }
}